"Country.Code","year","is.Crisis_1_for_yes","ca_gdp","fd_gdp","stfd_gdp","ca_fdi_gdp","ds_e","mr","pol.est","pol.num.sources"
"BDI",2021,0,NA,0.347651776033055,9.53301367326617e-05,NA,NA,0.258411735407944,-1.3639798164368,4
"COM",2021,0,0.00474115728323085,0.259759391119057,0.000862654998448495,-0.00310531932423389,3.42265017507734,1.0081704953178,-0.2274605929852,3
"DJI",2021,0,-0.0646300969305332,0.916207239237801,0.192433058679158,-0.0478756058158321,NA,0.120824960942167,-0.7072615623474,4
"ERI",2021,0,NA,NA,NA,NA,NA,NA,-1.0057859420776,4
"ETH",2021,0,-0.0405070844138986,0.269768991957077,0.0047595254842917,-0.0382798886978969,21.0603526825742,NA,-2.0683600902557,6
"KEN",2021,1,-0.0520546415794338,0.373380787869602,0.0219977889855998,-0.000483543330702701,20.6064872611751,0.485244469601191,-1.0896649360657,6
"MDG",2021,1,-0.0505957660311413,0.369464637151075,0.0160499177047132,-0.0168048118473402,4.97660684348722,0.529619917781731,-0.6359250545502,6
"MWI",2021,1,-0.122201846727876,0.252275150405869,0.0115314222951034,0.00602079926054863,7.11400732889455,NA,-0.1125302091241,6
"MUS",2021,0,-0.132441952791761,1.20706413880937,0.643112677610281,-0.312071732860488,29.2294344167811,1.66815819984778,0.8558095097542,5
"MOZ",2021,0,-0.228234753632641,3.98174985781113,0.112698695123409,-0.323366039454132,109.316985523642,0.438713102989232,-1.2281886339188,7
"RWA",2021,1,-0.109229658815106,0.81243450732354,0.0377753613683643,-0.019140858605884,37.8893761016353,0.654564353611112,0.170438632369,5
"SYC",2021,1,-0.106059084752247,NA,NA,-0.109897890452401,NA,0.620110095036833,0.7611091732979,4
"SOM",2021,0,NA,0.633957771648358,0.159887819188174,NA,NA,NA,-2.6832392215729,5
"SSD",2021,0,NA,NA,NA,NA,NA,NA,-2.302444934845,3
"UGA",2021,1,-0.0876742234952235,0.474145080947153,0.0437190577030168,-0.0271432574670177,12.1917234634381,NA,-0.8596583008766,6
"TZA",2021,NA,NA,0.419950190814233,0.0525483438800882,NA,19.6234933114243,NA,-0.4369655549526,6
"ZMB",2021,0,0.121648936647815,1.08571084177204,0.0571678920835722,-0.0068930250573847,13.7712449288625,0.427952673549524,0.0602163672447,6
"ZWE",2021,0,NA,0.484248755779598,0.131670587084416,NA,8.87299783567561,0.111303111019373,-1.0267831087112,6
"AGO",2021,1,0.124613017809882,0.998113174582965,0.0908540431107725,0.0489248695951537,33.3479583022866,1.22663110011098,-0.7108362317085,7
"CMR",2021,1,-0.039592093216977,0.352974732031386,0.0145101536685155,-0.0196861808932491,NA,NA,-1.406510591507,6
"CAF",2021,0,NA,0.443260085706352,0.0645010444329405,NA,NA,1.07288717467498,-2.1045353412628,4
"TCD",2021,1,NA,0.333925219861494,0.00175135276085298,NA,NA,0.0729623292818424,-1.3355396986008,4
"COG",2021,NA,NA,0.521143199166161,0.0216845218613988,NA,NA,0.352279053831645,-0.6066163182259,6
"COD",2021,NA,-0.0106124063474686,0.18587119937211,0.00820305329140946,-0.0303097458342575,NA,0.339913329470008,-1.6146669387817,7
"GNQ",2021,0,NA,NA,NA,NA,NA,0.0185235086142482,-0.2867414057255,4
"GAB",2021,1,NA,0.381959147303587,0.000832921245671074,NA,NA,NA,-0.0859756395221,5
"STP",2021,1,-0.180855718929242,0.581727174525354,0.0216852617455828,-0.111813418611556,3.18079956217632,0.451911966641362,0.5975106358528,4
"BWA",2021,0,-0.00697578794212863,0.112492272915006,0.008854376849975,-0.00614917217852356,2.00605392515471,0.572847639259257,0.9783778190613,7
"SWZ",2021,1,0.0262396214238252,0.238304177852361,0.00833928000543403,-0.0114521043368254,2.90735781449707,0.269562652330964,-0.0301357265562,4
"LSO",2021,1,-0.0364105711853825,0.728148377702609,0.0010366695436768,0.00495654043018651,20.8936797704296,NA,-0.2195944190025,4
"NAM",2021,1,-0.0980798074740894,NA,NA,-0.051347361411632,NA,0.302994933367061,0.5478191971779,6
"ZAF",2021,1,0.0371554928208489,0.405750126245849,0.0866126473008418,-0.0985706263910509,18.7293801467428,0.505291343099727,-0.7065768241882,7
"BEN",2021,1,-0.0428499608885969,0.400339554770067,0.0196163073696877,-0.017677721259705,18.6306071443935,NA,-0.3013404905796,5
"BFA",2021,0,0.00391412050288539,0.521682368930452,0,0.00186638832952859,8.10804428529482,NA,-1.6387419700623,6
"CPV",2021,0,-0.12886743173505,1.06383509936258,0,-0.0476526163537308,11.1773757990767,0.93745487300809,0.9024584889412,4
"CIV",2021,NA,-0.0410334887415624,0.424772290816453,0.0312318734150901,-0.0158077051794079,10.9395616885016,NA,NA,NA
"GMB",2021,NA,-0.0461541126577038,0.526693115426943,0.0184908149069957,-0.125199575018557,26.2055151430013,1.07524044851364,0.1752006709576,6
"GHA",2021,0,-0.0327527129333393,0.466291541707735,0.066334553320092,-0.0311090572751288,21.9236536671598,0.727633494730194,0.0664478614926,6
"GIN",2021,1,0.288266375214943,0.292196030578928,0.0140235786169369,-0.0124740412778703,1.5906124187103,NA,-0.970410823822,6
"GNB",2021,1,-0.00862230795326227,0.67863343479279,0.0364277982944159,-0.010731027562985,38.643624684125,NA,-0.2802393138409,4
"LBR",2021,1,NA,0.526165673240239,0,NA,6.39468423429377,NA,-0.241881981492,7
"MLI",2021,0,-0.0767233808426497,0.337494947244891,0.0044485243069633,-0.0305148870370753,5.29725586765838,NA,-2.352436542511,6
"MRT",2021,0,-0.0808165082274317,0.4820634794398,0.0193210460525861,-0.106191715858246,12.5360588482362,0.528125074974547,-0.6702546477318,5
"NER",2021,0,-0.14073697437497,0.334183655704267,0.00294433493117769,-0.0372491220464541,14.7070279536495,NA,-1.6162995100021,6
"NGA",2021,0,-0.00419363203730151,0.172887447863771,0,-0.00342103254761064,16.1850114622948,NA,-1.7793031930924,6
"SEN",2021,0,NA,1.04727589589627,0.101034742549814,NA,28.2489964207371,NA,-0.169552102685,6
"SLE",2021,1,-0.0886613372159458,0.606850047438071,0.0448647480154857,-0.0525177389080791,NA,0.524629920788951,-0.1645477563143,6
"TGO",2021,0,NA,0.412098579219158,0.0487348419551856,NA,8.62362117234361,NA,-0.8018198013306,6
"BDI",2020,1,NA,0.248002230835457,0.000100012378933627,NA,12.6140338323656,0.0993610181948982,-1.5370370149612,4
"COM",2020,0,-0.0179978936313658,0.245813604938916,0.000964092063636013,-0.00316385466140922,8.16876256692706,1.05121392103332,-0.2707852125168,3
"DJI",2020,1,0.115168261382756,0.842177910800824,0.0795856780533002,-0.0497411102602462,1.65714766466641,0.235774400873281,-0.4549574553967,4
"ERI",2020,0,NA,NA,NA,NA,NA,NA,-0.9806647896767,4
"ETH",2020,1,-0.0252541427273292,0.282035705799048,0.00379119572972027,-0.0222538575066646,25.847672910612,0.232261864949116,-1.7576766014099,6
"KEN",2020,1,-0.047599584010274,0.377837725887772,0.0227808376315771,-0.00565017803143113,29.0584245176206,0.537561617033068,-1.0023559331894,6
"MDG",2020,1,-0.0477456454626587,0.370950255538075,0.0209188284541766,-0.0183407896107007,5.03140012779878,0.614953926838081,-0.5296702980995,6
"MWI",2020,1,-0.120364967202061,0.241602186631793,0.0146462539310677,-0.0163470577259616,8.00641580011209,0.218084553786945,-0.1116451397538,6
"MUS",2020,0,-0.0879491099950083,1.10767490066772,0.549681412580351,1.11688857710131,22.936124380559,1.7277406010386,0.8826380968094,4
"MOZ",2020,1,-0.275819234147664,4.20949444367843,0.132041233018561,-0.216309282422188,24.279382725052,0.629793378359787,-1.2977515459061,6
"RWA",2020,1,-0.120530154628473,0.804533064694781,0.0371341212007621,-0.0149851673646166,14.6191002954554,0.710490990862947,0.0832765996456,4
"SYC",2020,0,-0.137358500608898,NA,NA,-0.106703335949154,NA,0.557452133299038,0.7282498478889,4
"SOM",2020,1,NA,0.676979872802557,0.229300353988087,NA,NA,NA,-2.5769681930542,5
"SSD",2020,0,NA,NA,NA,NA,NA,NA,-2.2136266231537,3
"UGA",2020,1,-0.0944656931301706,0.457634435128286,0.0316807640251735,-0.0232296060801179,12.1076362257037,NA,-0.8095933794975,6
"TZA",2020,NA,-0.0179776931167818,0.409316664269093,0.0505231059047923,-0.0109740565872468,14.6167431352751,NA,-0.4661883711815,6
"ZMB",2020,0,0.0531080719830265,1.47369273170322,0.0373497593991703,-0.0100033425370703,22.2213578321835,0.227710193797936,-0.1301036030054,6
"ZWE",2020,0,0.0509658284933668,0.59244472544902,0.179061334030869,-0.00715305240896746,18.6063195109456,0.00667833286954008,-1.0721471309662,6
"AGO",2020,1,0.016261337138106,1.25942580412602,0.118924850025411,0.0364978813348393,39.6165551877252,1.4441986942886,-0.5146146416664,6
"CMR",2020,1,-0.0370931264429783,0.362588533263241,0.00903068112496982,-0.0144892070339409,19.1285102475061,NA,-1.5006181001663,6
"CAF",2020,1,NA,0.386264683979049,0.0570676223456154,NA,NA,0.854791029493522,-2.2345139980316,4
"TCD",2020,1,NA,0.342460424936708,0.00289232900103086,NA,NA,0.147703275277588,-1.245307803154,4
"COG",2020,NA,0.137423462100592,0.506129058925097,0.0270544498254969,0.0955800947211329,15.3576533575574,0.597746632490922,-0.8102323412895,5
"COD",2020,NA,-0.0215968239231659,0.167523179164278,0.0074268196150261,-0.0307507853818687,2.20677343319293,0.112210014158504,-1.7422980070114,6
"GNQ",2020,1,NA,NA,NA,NA,NA,0.0471939519182012,-0.2343259900808,4
"GAB",2020,1,NA,0.497295847259984,0.00493056030033007,NA,NA,NA,-0.0681400299072,5
"STP",2020,0,-0.126113756860528,0.616154291977547,0.0282107221546059,-0.0978915194453207,4.27311259832139,0.545563287514325,0.5016095638275,4
"BWA",2020,0,-0.0865364482050913,0.106993984056778,0.0145856626352027,-0.00670217655835159,3.71166879216151,0.75827099490202,1.0261422395706,6
"SWZ",2020,1,0.0680378219418251,0.240402668227622,0.00662594228278989,-0.0128311717670498,5.39299510085531,0.339915373285822,-0.0559168234468,4
"LSO",2020,1,-0.00816214490248024,0.778776932059996,0.000919287452249573,-0.012549966320317,5.11498489221979,NA,-0.2524642348289,4
"NAM",2020,0,0.0255850315094377,NA,NA,0.0190488356695403,NA,0.318196623637144,0.5294923186302,5
"ZAF",2020,1,0.0201049907377178,0.519553376031116,0.109818835160293,-0.0150744021812445,27.2655257388934,0.654372220781519,-0.2408245801926,7
"BEN",2020,1,-0.0175041319714609,0.338892552237667,0.0180628171996483,-0.00974301650825623,6.47220327722617,NA,-0.4255046844482,4
"BFA",2020,1,0.0414435253698271,0.544066754285104,0,0.00510990212774599,38.6649409884063,NA,-1.5383086204529,6
"CPV",2020,0,-0.170920475862055,1.21585790658444,0,-0.0373887708084666,13.4296465699738,1.02095110752135,0.8874295353889,4
"CIV",2020,NA,-0.0321817843200192,0.409252215965036,0.0172125438699145,-0.0115990838623203,17.9986903027955,NA,NA,NA
"GMB",2020,NA,-0.0477622219514528,0.507164072595693,0.0159348229618294,-0.106535289184471,18.6146820326817,0.665028184817483,0.2564341425896,5
"GHA",2020,1,-0.030466419089906,0.455020518329767,0.0738856910287616,-0.0190363798444709,12.0302046729581,0.634330319310264,0.1843122243881,6
"GIN",2020,1,0.189362469335243,0.293485494698897,0.0105780613517765,-0.0122719717067284,1.50906954368189,0.402231293940421,-0.6673395037651,5
"GNB",2020,1,-0.0270180073116151,0.640316512402737,0.0337011724843576,-0.0144405896210828,9.10939918783229,NA,-0.7346968054771,4
"LBR",2020,1,NA,0.479419317808573,0,NA,11.327997393773,0.30940642516779,-0.3671630620956,7
"MLI",2020,1,-0.0217391655412829,0.334026912837664,0.00414917933131436,-0.0306719017811241,4.75220193230852,NA,-2.1341104507446,5
"MRT",2020,1,-0.0685474617600829,0.679821333250879,0.127917033150491,-0.110394055921616,9.9382574881518,0.544163500738852,-0.7201774716377,4
"NER",2020,1,-0.132109315941143,0.332314110154154,0.00351384211779922,-0.0251496766424691,13.2088690779599,NA,-1.6578882932663,5
"NGA",2020,1,-0.0369874291885954,0.163175533957688,1.33297412837013e-08,-0.00211001266465412,13.3114338925033,1.02768790759975,-1.8704650402069,6
"SEN",2020,1,NA,0.950731830731595,0.06618403505108,NA,35.1554989464909,NA,-0.1390790790319,6
"SLE",2020,1,-0.0788551610424082,0.519091411716655,0.0452682493536494,-0.0425023076911523,13.5317733750652,0.329778144513257,-0.2990298271179,6
"TGO",2020,1,-0.00273778415817298,0.334606934925057,0.0422878351665365,-0.00700444918393647,5.25533092033372,NA,-0.9165742397308,5
"BDI",2019,0,NA,0.241471168810471,0.000103388647970976,NA,13.0190533163792,0.125562236813464,-1.6151589155197,5
"COM",2019,0,-0.0333166132744923,0.221095292197857,0.00158677017925792,-0.00359894022954974,4.05343810015084,0.762383800879238,-0.1546991914511,4
"DJI",2019,0,0.182584262511938,0.826384187171496,0.121534632302617,-0.0566550040200761,1.5231958284713,0.121280312804286,-0.351149469614,4
"ERI",2019,0,NA,NA,NA,NA,NA,0.167126779776065,-0.6984926462173,5
"ETH",2019,0,-0.0523928478014465,0.295860150501181,0.00502784268094319,-0.0265736063499647,28.2892538240738,0.20562761267284,-1.3050727844238,7
"KEN",2019,0,-0.0523846269053638,0.348365420388706,0.0260910268402896,-0.00431076510021382,38.438203089837,0.516329991799029,-1.1017513275147,7
"MDG",2019,0,-0.0214366382686496,0.28676985676166,0.0199431360103236,-0.0264234002199216,3.05274035774656,0.429514877848237,-0.3206964731216,7
"MWI",2019,0,-0.119819282679294,0.220281010641489,0.00619410840581274,-0.00289992472860013,6.70105813726481,0.287942823619919,-0.2801753878593,6
"MUS",2019,0,-0.0497698720320849,0.856247796296366,0.39567122331347,-0.245576121705105,20.8448756775365,1.31566686665163,0.8092755079269,5
"MOZ",2019,1,-0.190662291481956,3.55156811195724,0.108047128807654,-0.221585875934839,34.0159143626145,0.523678386498411,-0.7492420077324,7
"RWA",2019,0,-0.118851541322611,0.629078249247945,0.0331587004876557,-0.0248872039521959,14.3137505848254,0.550911447098458,0.0642396807671,5
"SYC",2019,0,-0.0315342255400376,NA,NA,-0.157467592490581,NA,0.49746830772497,0.6827319264412,4
"SOM",2019,0,NA,0.866821819151889,0.512783717609869,NA,0.054234299065421,NA,-2.3866453170776,6
"SSD",2019,0,NA,NA,NA,NA,NA,NA,-2.5119483470917,4
"UGA",2019,0,-0.0709321638701857,0.395188547901385,0.0269163978854889,-0.0360163014984573,4.71372758372075,NA,-0.6912173628807,7
"TZA",2019,NA,-0.0247343676070186,0.395387294007242,0.0456672598299239,-0.019910001589942,12.5707214287632,NA,-0.3735241889954,7
"ZMB",2019,0,0.00603690808802686,1.16927184850745,0.0358342522464008,0.00636010724710114,31.370098143491,0.201955149895299,-0.113846860826,6
"ZWE",2019,0,0.0421611443478797,0.560962599811267,0.16129126085423,-0.0113179555878344,30.0535049703253,0.0313972403757507,-0.9597494006157,7
"AGO",2019,1,0.0741229380873408,0.934595835721526,0.0470790276853555,0.0252355413108453,33.1483398095843,1.15628610349404,-0.3585249781609,7
"CMR",2019,0,-0.0427282315036325,0.324476972261994,0.00950982368888345,-0.0226581445379766,14.2836601874529,NA,-1.5592167377472,7
"CAF",2019,0,NA,0.382407727030144,0.0595434872804069,NA,NA,0.571460688126427,-2.1382718086243,5
"TCD",2019,0,NA,0.29388684137132,0.00234315614772095,NA,NA,0.115082417539064,-1.3437432050705,5
"COG",2019,NA,0.128025941938685,0.419865292055895,0.0183310295576096,0.145111800389831,6.90654664295559,0.440818915270637,-0.896963596344,6
"COD",2019,NA,-0.0327031365259995,0.146185308550191,0.00737714719098354,-0.0260931443738477,7.19585943514332,0.135339771631376,-1.5938988924027,6
"GNQ",2019,0,NA,NA,NA,NA,NA,0.0194365879031977,-0.1562197506428,4
"GAB",2019,0,NA,0.426618152164313,0.0213119212317323,NA,NA,0.540572826114878,-0.07426173985,6
"STP",2019,0,-0.210624020253594,0.58873870324921,0.0177763193415418,-0.0544022715235239,11.6966692104798,0.31857011307967,0.5139099955559,4
"BWA",2019,0,-0.0691745355875528,0.0937411996088846,0.00833766133825099,-0.00679219563649583,3.01954118188215,0.940009303368735,1.1110551357269,6
"SWZ",2019,0,0.0391843925807315,0.185466234811756,0.00437439029082838,-0.0238164487129311,2.50625387035584,0.240346153167782,-0.2745528519154,4
"LSO",2019,0,-0.0294655948581461,0.645270179072059,0.000147857470925727,-0.01456107272541,4.45034770060379,0.434153219561026,-0.4215104281902,4
"NAM",2019,0,-0.017777884106394,NA,NA,0.0147874987540816,NA,0.253417634820578,0.5296494960785,6
"ZAF",2019,0,-0.0258330280732971,0.490912632448509,0.114523398987496,-0.00508365004516042,18.7086463809991,0.511962112878742,-0.2676704227924,8
"BEN",2019,0,-0.039994814052351,0.27237551778346,0.00347422803181982,-0.0132756060206051,13.8929403059828,NA,-0.4126679599285,5
"BFA",2019,0,-0.0323792792605988,0.565996878142326,0,-0.0090576360752153,49.4363550070393,NA,-1.3023865222931,7
"CPV",2019,0,-0.0110083277793442,0.918950992952198,2.7909841247428e-05,-0.0539549842075411,5.89838796422158,0.927123951529379,0.873942553997,4
"CIV",2019,NA,-0.0230413507049038,0.338771427327946,0.0151992602637988,-0.0126352940525414,21.1857500643047,NA,NA,NA
"GMB",2019,NA,-0.0204445380843568,0.442004252734503,0.0143215308903454,-0.0400913476277327,11.6698409513813,0.413780067094085,0.2247213870287,5
"GHA",2019,0,-0.0272759597820459,0.396291236116944,0.0679109489986486,-0.0481736030680069,9.80065560778126,0.563955733422443,0.1344119459391,7
"GIN",2019,0,-0.0234042433090957,0.223564555639837,0.0143934968168515,-0.00322699152866496,2.73555030999319,0.397445693632254,-0.8432461619377,6
"GNB",2019,1,-0.0885013732314043,0.480480941919928,0.0327862271370991,-0.0495046936107294,5.34212828493319,NA,-0.5580111145973,4
"LBR",2019,0,-0.196832166735006,0.381598607511485,1.70791239236455e-05,-0.0261121194879185,6.52703701727555,0.287580690158193,-0.3314337134361,7
"MLI",2019,0,-0.0745796254901656,0.28987992998927,0.005765760802995,-0.0496559821159804,4.65566753597095,NA,-2.201103925705,6
"MRT",2019,0,-0.103036621256716,0.665716088378093,0.134243961695265,0.109539707365629,14.0677773499328,0.292245005829315,-0.568760573864,5
"NER",2019,1,-0.121739303107026,0.27858238058493,0.00649975286971829,-0.0530424231009055,9.28304177668033,NA,-1.4100866317749,6
"NGA",2019,0,-0.0305391826736416,0.133984299661168,0,-0.00450723220845299,7.10199674473773,0.693774372093543,-1.920183300972,7
"SEN",2019,0,NA,0.8223928965772,0.0739867922631121,NA,23.6134853087938,NA,0.0465478301048,7
"SLE",2019,1,-0.194343548137899,0.45524091237885,0.0457491492075576,-0.0839920036925884,6.88630575135715,0.352954648123886,-0.0528448447585,6
"TGO",2019,0,-0.00767874486716214,0.278789965594944,0.0448972651602916,-0.0419443608341836,5.97777350204439,NA,-0.919564306736,6
"BDI",2018,0,-0.136326257244188,0.219905202714681,9.96194313032543e-05,-0.000369812562785433,9.93248139936809,0.0859094587281898,-1.5717723369598,6
"COM",2018,0,-0.0283224982578205,0.206078768129059,0.00103928164561955,-0.00477150042035572,3.88710601982862,0.819807338523613,-0.34628033638,4
"DJI",2018,0,0.147117694324277,0.796775596955863,0.0822511165676536,-0.0583497309667246,1.58361883188008,0.126059924984347,-0.137615531683,4
"ERI",2018,0,NA,NA,NA,NA,NA,0.153083276425061,-0.6058792471886,5
"ETH",2018,0,-0.0547208897958422,0.330391814062069,0.00889262332952951,-0.0398771253765884,21.4915673746629,0.260533431290467,-1.2796165943146,8
"KEN",2018,0,-0.0541106818021861,0.340919676224093,0.027616858773464,-0.00836175649087803,23.6995062707775,0.469811302004251,-1.1840906143189,8
"MDG",2018,1,0.00712560889878505,0.270356873141573,0.0196702989812162,-0.0359112579273678,2.94189421009689,0.428364513737902,-0.5794187188149,7
"MWI",2018,1,-0.170402517560956,0.229307551769508,0.00257080575765574,-0.0181416875860651,7.05608445614504,0.28313184106846,-0.4323801696301,7
"MUS",2018,0,-0.037690312029837,0.762374043426562,0.329481893677994,-0.0988072402215957,22.5678479160621,1.12225689740367,0.8686999678612,6
"MOZ",2018,0,-0.298840605583651,3.38281665917569,0.083333764086491,-0.114740309321937,31.2259452161408,0.44725768027631,-0.8245640993118,8
"RWA",2018,0,-0.101094930092162,0.589174728637585,0.0367414698843796,-0.0361141106333923,12.7530652658762,0.549942677825572,0.110401339829,6
"SYC",2018,0,-0.0255310374618815,NA,NA,-0.192777925387065,NA,0.43235391953424,0.687558054924,5
"SOM",2018,0,NA,0.949186271652015,0.556502026884813,NA,0.005357291487532,NA,-2.2603046894074,6
"SSD",2018,0,NA,NA,NA,NA,NA,NA,-2.4428541660309,4
"UGA",2018,0,-0.063295684273555,0.374012069460585,0.0154534014335811,-0.0320416171055702,8.63539986722813,0.499110514177885,-0.7025622725487,8
"TZA",2018,NA,-0.0396874289280444,0.39228671210743,0.0452986304901221,-0.0170441060169976,12.3546607459815,0.553689300490932,-0.57093501091,8
"ZMB",2018,0,-0.0130116266986734,0.894140976790323,0.0236605047311804,-0.0138005996712417,12.8158685064038,0.165775396802347,0.0856043919921,7
"ZWE",2018,0,-0.0403918326353945,0.369557246641115,0.0990672848286552,-0.0209941772858849,11.6886845173006,0.0136052408119989,-0.7227736711502,8
"AGO",2018,0,0.0951578137262662,0.820152675086181,0.0364008741309576,0.0830639671048202,26.4030252565204,0.975465588395366,-0.3356917500496,7
"CMR",2018,1,-0.0352564156128634,0.273826216741618,0.0108395393121905,-0.0164396106417381,14.0645418720094,0.611621244866383,-1.4041675329208,8
"CAF",2018,1,NA,0.35371947578995,0.0397996992176384,NA,NA,0.597025050029127,-2.183385848999,5
"TCD",2018,1,NA,0.288588625705613,0.00278409998401078,NA,NA,0.0465648174944144,-1.4832724332809,6
"COG",2018,NA,NA,0.379168534307245,0.0201550168650292,NA,NA,0.121519617973793,-0.3484042286873,6
"COD",2018,NA,-0.0351562857731842,0.143983552957641,0.00439324083456164,-0.0295904257569684,2.3297474405746,0.0838930762916656,-2.1057810783386,7
"GNQ",2018,0,NA,NA,NA,NA,NA,0.0158502797577463,-0.0923801511526,4
"GAB",2018,1,NA,0.403814957110837,0.0111086938480379,NA,NA,0.346187392184075,-0.2538044452667,6
"STP",2018,0,-0.182244974658076,0.612711202514218,0.0231759400993416,-0.0516777686956796,4.72743808968521,0.29515908863202,0.5223850011826,4
"BWA",2018,0,0.00392947312137253,0.104629370734364,0.0147289944382552,-0.0119702587016581,2.37922094452262,1.05564757974092,0.9709878563881,7
"SWZ",2018,0,0.0130179238583791,0.164216604414639,0.0030773132474362,-0.00839973799009585,2.73262828497459,0.237182940265794,-0.3734438121319,5
"LSO",2018,0,-0.0217783464055414,0.573100129845359,0.000199372866371745,-0.0160071029200564,4.1825552912054,0.333422265436836,-0.1785933375359,5
"NAM",2018,0,-0.0355151025728743,NA,NA,-0.0100535083163637,NA,0.259357458570153,0.691502392292,7
"ZAF",2018,0,-0.0301429491949333,0.445814367877331,0.118438827718047,-0.00381656280177326,24.3411263516984,0.453115634386585,-0.2277793288231,9
"BEN",2018,0,-0.0454919534814522,0.251684073526744,0.00319895880450472,-0.0129223034064426,5.85226413978168,NA,-0.1411756426096,6
"BFA",2018,1,-0.0418372523044735,0.668432430219102,0,-0.0126306316868767,63.1476343836952,NA,-1.0592865943909,7
"CPV",2018,0,-0.0493576943780564,0.898779950782755,0,-0.0479118793127853,5.60741043423242,0.743174755263588,0.8458231687546,5
"CIV",2018,NA,-0.0393801716611502,0.279213405315643,0.00237639226232569,-0.00819973228416242,12.3155204491884,NA,NA,NA
"GMB",2018,NA,-0.080833284862916,0.433022745415692,0.0112436108762295,-0.0511710665704999,11.8827394965774,0.283269218582424,-0.07443100214,6
"GHA",2018,0,-0.0303806256503312,0.350303617375203,0.0542739497542534,-0.0432127148148212,11.710406609224,0.479279089692953,-0.0255167707801,8
"GIN",2018,1,-0.0160638873810808,0.218841434512213,0.0119498163096986,-0.0297789572918876,2.76944625915291,0.366901527734959,-0.8840863704681,6
"GNB",2018,0,-0.0359784945594133,0.394588332452279,0.0198565849394849,-0.0139363671560479,4.09910607044983,NA,-0.6855601668358,4
"LBR",2018,0,-0.196944373252366,0.338199188822991,0,-0.0377268493884788,4.3621127210564,0.290595754866588,-0.2117112874985,8
"MLI",2018,1,-0.0489872590421718,0.269711339180497,0.00637881627048863,-0.0273568948432747,4.21205984102884,NA,-2.0887231826782,7
"MRT",2018,1,-0.130177274187857,0.699199849856373,0.140809675811177,-0.103330300366387,17.4077668621601,0.293525552570161,-0.6292259097099,6
"NER",2018,0,-0.12686912954417,0.249097196339142,0.00473721271377798,-0.0333699896700678,7.87603437589036,NA,-1.3645578622818,6
"NGA",2018,0,0.0172693320593322,0.128521551889758,0,-0.000497175228887522,7.88436213048042,0.996090616057642,-2.101823091507,8
"SEN",2018,0,-0.0958284288530225,0.821120154862147,0.0947706311848335,-0.0343918656309709,15.0031740779477,NA,-0.101474031806,8
"SLE",2018,1,-0.17080494416192,0.430154583436651,0.0461431341578351,-0.0613069806263831,6.23393231257272,0.370170428059488,-0.0852979496121,7
"TGO",2018,1,-0.0259907718519332,0.242539697626354,0.0391210837205258,0.0353165621382771,5.98279177987967,NA,-0.8939124941826,6
"BDI",2017,0,-0.137663828089285,0.223727081560248,9.77021871014179e-05,-0.000113012237437696,9.55400797804711,0.129010040298744,-2.0078692436218,6
"COM",2017,0,-0.0213204235097198,0.173194120729873,0.00102282934095939,-0.0036377656783338,2.98082051223683,0.821659666044893,0.0361180976033,4
"DJI",2017,0,-0.0479510874009856,0.820596376553396,0.100677533129685,-0.0597013597143085,1.71624234389153,0.155508285473284,-0.7368586659431,4
"ERI",2017,0,NA,NA,NA,NA,NA,0.139778189751669,-0.7296760082245,5
"ETH",2017,0,-0.0725029984937887,0.320040686459133,0.0077535230406597,-0.0491270717554003,22.2353979988408,0.193234649755587,-1.6798585653305,8
"KEN",2017,0,-0.0699689377752138,0.328531558346151,0.0323842087355088,-0.0150687292809759,14.5974443871521,0.438989636443885,-1.1319221258164,8
"MDG",2017,1,-0.0022858979938304,0.256741496821672,0.013432385078223,-0.0272375792902034,3.15340771556004,0.436014992455929,-0.3012817502022,8
"MWI",2017,1,-0.174208709938368,0.24178314371241,0.00600336741653567,-0.0108301484385769,6.36554363613987,0.301688671466813,-0.2511639893055,7
"MUS",2017,0,-0.0446441087669975,0.775117394968457,0.382147620282157,-1.83069036686787,17.0043741853135,1.1390061403941,0.9711303710938,6
"MOZ",2017,0,-0.18254565790033,3.50517588493762,0.0823665039931786,-0.173468026118005,24.9012435087294,0.58506958557784,-0.9286561608315,8
"RWA",2017,1,-0.0946048153496465,0.548598132177915,0.0331339638872678,-0.0279200314010336,12.7068520868692,0.532895939518517,0.088095754385,6
"SYC",2017,0,-0.0234644988335145,NA,NA,0.220398002298866,NA,0.418742915811919,0.7933624982834,5
"SOM",2017,0,NA,0.505175890568729,0.146388128240328,NA,0.003494808467742,NA,-2.259042263031,6
"SSD",2017,0,NA,NA,NA,NA,NA,NA,-2.4524722099304,4
"UGA",2017,0,-0.048842502280857,0.379667324856126,0.0153879812567734,-0.0260989994840844,3.65711718047868,0.664914889421887,-0.5716292858124,8
"TZA",2017,NA,-0.0334326474498583,0.401908016840308,0.049102417511592,-0.0175860580123496,9.84416096097204,0.709467391815203,-0.5619286894798,8
"ZMB",2017,0,-0.016812705761785,0.887179110387161,0.0348230508469586,-0.0455896209866233,9.16797330664057,0.260651467142497,0.1462433487177,7
"ZWE",2017,0,-0.0154218396921931,0.711577375559871,0.211875412650896,-0.0174156929876218,15.4703317373625,0.0577846068545889,-0.7087693214417,8
"AGO",2017,0,-0.00917560877211147,0.866406830042241,0.0537623283201831,0.126851517530114,25.6179718950239,1.20689537237516,-0.380449026823,7
"CMR",2017,0,-0.0263102822608747,0.279047418524837,0.0146158778657465,-0.0219558853872797,10.6894898947636,0.666553671965396,-1.0958430767059,8
"CAF",2017,1,NA,0.348924258835184,0.0428360143866807,NA,NA,0.743273095284693,-2.0065426826477,5
"TCD",2017,1,NA,0.312275133240629,0.00277654766913416,NA,NA,0.00463275927347389,-1.2875279188156,6
"COG",2017,NA,NA,0.492454602012402,0.0249680115002401,NA,NA,0.0833298550066882,-0.5317240357399,6
"COD",2017,NA,-0.0326525011803012,0.182001659629348,0.00483143629620612,-0.0275644325397429,3.39294349302154,0.119834251593651,-2.3022487163544,7
"GNQ",2017,0,NA,NA,NA,NA,NA,0.0160108814591124,-0.1704531461,4
"GAB",2017,0,NA,0.435333930920767,0.0138850360238988,NA,NA,0.276440624237192,-0.1030248403549,6
"STP",2017,0,-0.194734347492831,0.717430122585184,0.0191911413797022,-0.0902160477776533,4.05794957432791,0.401021969389687,0.1860471218824,4
"BWA",2017,0,0.0558579996125489,0.108125866096792,0.00669349765079595,-0.0162333424181442,2.45952711644385,1.40561313067532,1.0225083827972,7
"SWZ",2017,0,0.0619578234471715,0.198181035143925,0.0412957022569105,0.0275922157956,6.22371196210371,0.349329870504622,-0.2670257985592,5
"LSO",2017,0,-0.0620802024690594,0.652076916273423,0.000168202610435344,-0.0182806689866452,3.33741809484507,0.318329288132662,-0.1866985112429,5
"NAM",2017,0,-0.0442059059069074,NA,NA,-0.0269061982093147,NA,0.358840542352232,0.6283515691757,7
"ZAF",2017,0,-0.0237436753188649,0.458796320783676,0.107186071707012,0.0141320233955195,13.4773056054298,0.499359015547335,-0.2775616645813,9
"BEN",2017,1,-0.0418078963717341,0.220346759772265,0.0048620162086691,-0.01330498430667,3.03114425514082,NA,0.0308955386281,6
"BFA",2017,1,-0.0635349442811402,0.90509640524805,0,0.000545555670518847,40.3158073828643,NA,-0.9269773364067,7
"CPV",2017,0,-0.078899011498401,1.01140425080638,0,-0.0541464435985642,6.14104160448345,0.782461761503755,0.7746384143829,5
"CIV",2017,NA,-0.0203359010054676,0.260701962732169,0.000539910721615516,-0.0057955929633816,17.0951138013737,NA,NA,NA
"GMB",2017,NA,-0.0632875471245057,0.461765554168258,0.00960309571283607,-0.0471789087982859,14.1144156555036,0.310164190668339,-0.0840129181743,6
"GHA",2017,0,-0.0331527878993257,0.372799919759021,0.0551683872199173,-0.0536214857532795,10.0542715226681,0.554691797236489,0.091834500432,8
"GIN",2017,0,0.05030185828638,0.231897477117711,0.0104945521252824,-0.0558352079809999,1.73668587276263,0.281377524512754,-0.7009968757629,6
"GNB",2017,0,0.00287299779965015,0.370104146117409,0.0156703781068758,-0.0113741324716037,3.58656268261116,NA,-0.4986392557621,4
"LBR",2017,1,-0.166798323783013,0.329760011447772,0,-0.0730948578439654,3.70604286692398,0.538106314606726,-0.3330850303173,8
"MLI",2017,1,-0.078936708038633,0.281553241405815,0.00595777421430179,-0.0356793334873913,4.61772040178835,NA,-1.906900882721,7
"MRT",2017,0,-0.104262631275136,0.770725243810052,0.152871996919894,-0.0865007232991042,15.7224162833562,0.24810412290015,-0.6269362568855,6
"NER",2017,1,-0.11393447998866,0.272670160222722,0.00576997425633272,-0.0276816351745933,8.5996469960907,NA,-1.2657636404038,6
"NGA",2017,0,0.0360982548948257,0.121837746213799,0,-0.00559459234441811,6.74529094790613,1.2665406355759,-1.9991550445557,8
"SEN",2017,0,-0.0726914020145637,0.678497890304404,0.0796634125528837,-0.02409335547565,12.4629914022083,NA,-0.0505368225276,8
"SLE",2017,0,-0.182723725609095,0.471282199993572,0.0524416895366899,-0.111235121917635,6.69946936683752,0.422076134397685,-0.0358611531556,7
"TGO",2017,0,-0.015111204738988,0.25817863480576,0.0418802515191026,-0.0189406639888928,5.78104954006798,NA,-0.8820359706879,6
"BDI",2016,0,-0.128705551911646,0.228382504377659,0.000100404605500275,-7.19014069952725e-06,16.0191368282633,0.154478047939328,-1.9707207679749,6
"COM",2016,0,-0.0434858907970822,0.177685881424368,0.00149696606474086,-0.00352458386935683,5.54648763813543,0.727909242456676,0.0357599034905,4
"DJI",2016,0,-0.0100034788975653,0.65346263023827,0.0206023041043814,-0.0614206235063909,2.14604295065645,0.17508133508104,-0.626400411129,4
"ERI",2016,0,NA,NA,NA,NA,NA,0.151902979038649,-0.6569120883942,5
"ETH",2016,0,-0.106404374171099,0.314901280332904,0.0124835198702359,-0.0557621272833279,20.9349904391639,0.18448742775823,-1.6198132038117,8
"KEN",2016,1,-0.0539701028644681,0.281462766793582,0.0285266707102681,-0.00471333210047024,11.1736382993382,0.535470682116942,-1.3547910451889,8
"MDG",2016,1,0.00378142579251982,0.251236642642688,0.0172544513872335,-0.0380732298723724,3.59422507426469,0.399086578560415,-0.2900946140289,8
"MWI",2016,0,-0.185092189867105,0.339957927945494,0.00810313802298709,-0.0220715532454685,6.37693829577603,0.276368424252903,-0.1134785488248,7
"MUS",2016,0,-0.0390142676710224,0.829305526802545,0.367386632003403,-0.642019272047038,12.8249184854386,1.06596559444057,1.0131869316101,6
"MOZ",2016,1,-0.340643165552116,3.62061233032006,0.0482414565452362,-0.259146302993004,29.542952609311,0.393137065669109,-1.0940045118332,7
"RWA",2016,0,-0.153128638389326,0.496925243298884,0.0260752302067179,-0.0266935924298688,14.5634730953585,0.449581220259312,-0.0548992827535,6
"SYC",2016,0,-0.0275115905154993,NA,NA,-0.11823629869924,NA,0.503369025844798,0.7330045104027,4
"SOM",2016,0,NA,0.495964244271775,0.142456824864474,NA,0.00413834351145,NA,-2.3573625087738,6
"SSD",2016,0,NA,NA,NA,NA,NA,NA,-2.4189655780792,4
"UGA",2016,0,-0.0282751580659058,0.345369933440562,0.0171864206489481,-0.021420326111172,17.3741040122651,0.641509229614508,-0.7153227329254,8
"TZA",2016,NA,-0.0550348008715782,0.390744233079317,0.0497983208773264,-0.0173592621291741,8.60667528417721,0.467815811606198,-0.4409947991371,8
"ZMB",2016,0,-0.0455168827542137,0.726245925314144,0.0363637403074746,-0.0231932722474336,9.90307765733595,0.322732373676641,0.1428080499172,7
"ZWE",2016,0,-0.0339413799024618,0.558056787937211,0.152869624741754,-0.016692743553211,129.693955489688,0.0763105779795232,-0.6199378967285,8
"AGO",2016,0,-0.0619013856059911,1.17268567134068,0.0883600855749694,0.00907941732160073,38.3118015343638,1.81535214642904,-0.315898835659,6
"CMR",2016,0,-0.0306806021884419,0.233339882787826,0.00776219589376619,-0.0207846037434349,13.3924754687549,0.427527617763769,-1.062136888504,8
"CAF",2016,1,NA,0.381218841098616,0.0485831247296608,NA,NA,0.600997457394516,-1.7892668247223,5
"TCD",2016,0,NA,0.283223781380944,0.00166438382891752,NA,NA,0.00332019963020372,-1.3023647069931,6
"COG",2016,NA,-0.351882970358985,0.470863796229078,0.0184442870917842,0.112251753567902,7.82824894809077,0.0633852707006193,-0.5192695260048,6
"COD",2016,NA,-0.0405053893764312,0.183104948379015,0.00578691793809139,-0.0251078414323113,4.02297679479618,0.128944054835275,-2.2346215248108,6
"GNQ",2016,0,NA,NA,NA,NA,NA,0.0268219733688544,-0.1408686339855,4
"GAB",2016,0,NA,0.380497781119405,0.0171674199919131,NA,NA,0.246825079586999,-0.1049109771848,7
"STP",2016,1,-0.177987657837708,0.718637854244216,0.0262289525744778,-0.0646172773768932,2.55436559298371,0.45469788788829,0.2232868522406,4
"BWA",2016,0,0.0797302793837725,0.140987092551361,0.0251200406869772,0.00180149018413736,1.99652588385784,1.17024609715497,0.9945600032806,7
"SWZ",2016,0,0.0779401773813808,0.200482543342804,0.015337735338472,-0.00895177690525209,2.22140403245757,0.382326636604057,-0.488716840744,4
"LSO",2016,0,-0.0808259231950877,0.642283706540075,0.0181490670734332,-0.0374732777194507,3.93824345620034,0.497149553341186,-0.2364651560783,5
"NAM",2016,0,-0.164971251456053,NA,NA,-0.0341867827001666,NA,0.274790022783868,0.7100896835327,7
"ZAF",2016,0,-0.0263361451678797,0.445160891445072,0.114961884533774,0.00703112793073131,14.7931729056773,0.514550094892209,-0.1415039896965,9
"BEN",2016,0,-0.0299669454901549,0.191027997089929,0.00452284930722888,-0.00967845452611821,2.98886378557894,NA,-0.0020271709654,6
"BFA",2016,1,-0.0607963853112564,0.798575173653877,0,-0.0265022662850907,35.8232588837875,NA,-0.8673758506775,7
"CPV",2016,0,-0.0385657507528395,0.93308806354498,0,-0.0712466142456308,5.90718968888539,0.85996509391591,0.8862156271935,5
"CIV",2016,NA,-0.00863712222196726,0.23886937336935,0.00561243189783349,-0.0114506172426421,12.9730963153988,NA,NA,NA
"GMB",2016,NA,-0.0512796316417743,0.378090328336403,0.0120457667317797,-0.0479393860293032,21.3707169681981,0.260820185767521,-0.4344123005867,6
"GHA",2016,0,-0.0504235476265541,0.379651010730338,0.0496995421384376,-0.0617939586690956,9.52573099694067,0.454081238093269,-0.1309286206961,8
"GIN",2016,0,-0.319328377401136,0.25860739994483,0.00926111627123149,-0.18582502160656,2.30136416251836,0.189771206014272,-0.3938748240471,6
"GNB",2016,1,0.00852945534691056,0.32865115178913,0.0171214134004876,-0.011836082710097,3.01499636052111,NA,-0.4426938593388,4
"LBR",2016,0,-0.0812261279894881,0.279639574200902,0,-0.0917190332597173,3.05878407171582,0.450095668182433,-0.4374077618122,7
"MLI",2016,0,-0.072425111986637,0.274329587009256,0.00570113309622564,-0.0184984959653385,3.92840546881742,NA,-1.6172325611115,7
"MRT",2016,0,-0.11045700334874,0.793942210030657,0.161750352142763,-0.0423731694999137,15.0234089816701,0.390279256893919,-0.7469676733017,6
"NER",2016,1,-0.113633577014602,0.242811216690599,0.00345495929781796,-0.0251104623873236,8.32514922799982,NA,-1.1033070087433,6
"NGA",2016,0,0.0125472121905916,0.0882685369167103,0,-0.00770493202493619,6.27742685232409,0.766434884592421,-1.8777098655701,8
"SEN",2016,0,-0.0417875600586157,0.602204650513221,0.0798206423789434,-0.0130537380994273,9.56713773443819,NA,-0.2182553261518,8
"SLE",2016,1,-0.0799664684824331,0.442785637926827,0.054684708042611,-0.0376917588524157,4.71184604100007,0.465583002506149,-0.1599264591932,7
"TGO",2016,0,-0.0723894650855134,0.201938361912536,0.00962834489583641,0.0502806857838498,4.86929159174356,NA,-0.1723535805941,6
"BDI",2015,1,-0.120245937125217,0.201668775608061,8.53736120100558e-05,-0.0159377047426794,13.9184942516758,0.158849920859116,-1.9395108222961,6
"COM",2015,0,-0.00256465673352699,0.135153912192416,0.00152486651380351,-0.00511029869751772,7.24707079946107,0.937207605859472,-0.2327914685011,3
"DJI",2015,0,0.294599511791354,0.506311140374428,0.00168173886930646,-0.0593271216592949,1.2388851062496,0.418894700417983,-0.4435315728188,4
"ERI",2015,0,NA,NA,NA,NA,NA,0.142226169833034,-0.8767513036728,4
"ETH",2015,0,-0.117149008978629,0.316511285196072,0.00851464370674353,-0.0406648856065021,18.2926128660911,0.229630438059486,-1.4981874227524,8
"KEN",2015,1,-0.063045995816145,0.282139815818498,0.0384803956010394,-0.00538690326322868,8.33004713955533,0.466964823653474,-1.2444056272507,8
"MDG",2015,1,-0.022594183879957,0.265640887739878,0.0180129876194579,-0.0217376050266429,4.41953169976043,0.297677571865387,-0.4273628890514,8
"MWI",2015,0,-0.167015138267393,0.270068288600443,0.00198838913969105,-0.0459505567023777,5.53041616500547,0.294801244926926,0.0318961441517,7
"MUS",2015,0,-0.0347276014053666,0.858001538468017,0.395738890115594,-0.375347050819101,32.9187431984099,0.889288415107161,0.9986153841019,6
"MOZ",2015,0,-0.374137163012717,2.41237283400122,0.0500449568268773,-0.242419879459183,23.0329027104973,0.309722797263894,-0.5138950943947,7
"RWA",2015,0,-0.126902162305939,0.404238192776355,0.00131968857606534,-0.0185762555767379,12.6449823923794,0.385179704083599,0.0132411494851,6
"SYC",2015,0,-0.180918837393442,NA,NA,-0.136270548232921,NA,0.541014807676499,0.688779771328,5
"SOM",2015,0,NA,0.519323393945642,0.148604017525773,NA,0.003587502787068,NA,-2.3808279037476,6
"SSD",2015,0,-0.0416901405512799,NA,NA,-9.83513581849104e-05,NA,NA,-2.3756890296936,4
"UGA",2015,0,-0.0514640676280037,0.295509046535242,0.0171160347271512,-0.0227673244018216,1.99111422612089,0.526207809926523,-0.8045016527176,8
"TZA",2015,NA,-0.0945029612678649,0.383277089671598,0.0459461478822927,-0.0317870256981024,5.61846787096403,0.378233606239757,-0.4161943495274,8
"ZMB",2015,0,-0.0361227207947561,0.554252317602741,0.034804143645205,-0.0811363431069963,6.62634947832309,0.373992024755143,0.1516948640347,8
"ZWE",2015,0,-0.079980953655937,0.483284070200285,0.153923406156288,-0.01999687362506,35.2213797788237,0.0717968091612305,-0.6181563138962,8
"AGO",2015,0,-0.117781750797419,0.570754130968042,0.0693714443136574,-0.123975832546192,24.9807191479758,1.14969039893853,-0.5008977651596,6
"CMR",2015,0,-0.0364384591256434,0.226788321805492,0.00927817685515066,-0.019823487995288,7.35707247061288,0.584988431097841,-0.9896074533463,8
"CAF",2015,1,NA,0.40725108143854,0.0532581386457624,NA,NA,0.617920714705338,-1.9047646522522,5
"TCD",2015,1,NA,0.255641887987361,4.56604649366697e-07,NA,NA,0.0997072496801822,-0.9745525717735,6
"COG",2015,NA,-0.389442431891668,0.413784135877942,0.0377623437353362,-0.313736355382357,8.09368231765128,0.210568456795795,-0.5263659954071,6
"COD",2015,NA,-0.0391310448842871,0.187404649783672,0.004351526988113,-0.0307434221923392,3.74273314707913,0.150710777324204,-2.1508543491364,6
"GNQ",2015,0,NA,NA,NA,NA,NA,0.341887805859038,-0.2053524255753,4
"GAB",2015,0,0.00980288668125041,0.355935373653852,0.0146333226716063,-0.00175575493418021,8.5689884798093,0.587549978199404,0.0211869589984,7
"STP",2015,0,-0.217339772343799,0.764759857670237,0.0262715461309275,-0.0799492740009159,2.85673924207095,0.513131725258698,0.1440425664186,3
"BWA",2015,0,0.0222618463381004,0.165300709260749,0.0284243176917359,-0.0144344576566934,3.33680454422805,1.04257321915497,1.0420918464661,8
"SWZ",2015,0,0.131255654755993,0.110653308284198,0.0030907237504062,-0.00805257763262649,4.81274560599096,0.388100045371489,-0.4761510491371,5
"LSO",2015,0,-0.0329013210141917,0.403680360385251,0.0140141107215328,-0.0875150343624874,3.71842591277824,0.499465027552373,-0.3084287643433,5
"NAM",2015,0,-0.137578720402736,NA,NA,-0.0648034942789365,NA,0.21932971120538,0.7331128120422,7
"ZAF",2015,0,-0.0431028688643788,0.368432799027539,0.106786716207326,0.0115191119796163,25.9901625345541,0.438477088195286,-0.2129929363728,9
"BEN",2015,0,-0.0596409317114649,0.190596645213484,0.00581326116805046,-0.0102787779374269,2.75957355416551,NA,-0.0135139580816,6
"BFA",2015,0,-0.075675120349384,1.06470506405163,0,-0.01840718739158,55.1752501367672,NA,-0.6111074090004,7
"CPV",2015,0,-0.0316841485472207,0.970807124385705,0,-0.0701334753057178,6.22653397691234,0.818701259463752,0.8678104281425,5
"CIV",2015,NA,-0.0043953834631498,0.24856097900174,0,-0.0104770091344967,6.35864533484013,NA,NA,NA
"GMB",2015,NA,-0.0390227987872925,0.419933851311336,0.00892025703132325,-0.0538610113887045,18.308222249202,0.264381436261471,0.0195885691792,6
"GHA",2015,1,-0.057151112243874,0.406418503464043,0.0668774509062046,-0.0601315527632426,6.25315368633761,0.426486883497608,-0.0320993326604,8
"GIN",2015,1,-0.116007977719237,0.232219311174613,0.0123034422271955,-0.00548739453411316,4.04954130376191,0.298478204203074,-0.3869883418083,7
"GNB",2015,1,0.0199783088615012,0.377696505029071,0.0387319713739149,-0.0154832881619859,1.52618935538274,NA,-0.5182163715363,4
"LBR",2015,1,0.053024253714189,0.259502886343819,0,-0.0721023781604438,8.73182810943055,0.332390390282743,-0.8180257081985,8
"MLI",2015,0,-0.0532405569153568,0.285929976869562,0.006234899317346,-0.0147392190949388,3.50001152538175,NA,-1.6856639385223,7
"MRT",2015,0,-0.155013622123377,0.809730720557548,0.176077535949636,-0.081358577730928,14.1528684739522,0.222054917187711,-0.6378012299538,6
"NER",2015,0,-0.153473431045795,0.230134452386908,0.00199710142809929,-0.0511508772768208,6.17865376045714,NA,-1.0665462017059,6
"NGA",2015,0,-0.0313140037925786,0.0657435884391772,0,-0.00330400969258516,3.2051543534731,0.632734455129978,-1.925442814827,8
"SEN",2015,0,-0.05316194771986,0.589521766578367,0.0768462559688411,-0.0212549662194643,23.2507789965949,NA,-0.1166648045182,8
"SLE",2015,1,-0.237768121975853,0.369369967748615,0.0507098674935219,-0.0598370115952776,6.58298432402546,0.378440209547922,-0.1025167629123,8
"TGO",2015,0,-0.110270117500203,0.262469245183315,0.0151516728394443,0.0217163725462149,3.26289530853307,NA,-0.2313480526209,6
"BDI",2014,0,-0.146012123750915,0.255071104002677,0.0178377183783078,-0.0302018955617415,13.8641281053951,0.412404754819806,-0.7844071388245,6
"COM",2014,0,-0.037803294063912,0.123308219422088,0.00139143926749993,-0.00407499042659425,0.591865638475941,0.61568166345259,-0.1869101673365,3
"DJI",2014,0,0.239575053238472,0.425842276012692,0.0347915217839515,-0.0690837061258157,1.06181589657575,0.489599491479059,-0.7702322602272,4
"ERI",2014,0,NA,NA,NA,NA,NA,0.134294832202175,-0.8058726191521,4
"ETH",2014,0,-0.103781721184147,0.304696036059696,0.00524716791916145,-0.0333569111068816,11.870058525757,0.229552971351974,-1.3393874168396,8
"KEN",2014,0,-0.0934005233028078,0.247661304759415,0.029250667903176,-0.0109220235053008,11.362004823099,0.428050360532859,-1.2822471857071,8
"MDG",2014,0,-0.00649123775454553,0.236647641791199,0.0228144010232002,-0.0268396726378295,2.77463572595297,0.239794646224545,-0.5572358369827,8
"MWI",2014,0,-0.186602475803073,0.275560874003918,0.00355757386086653,-0.0996761160928239,4.11377578842575,0.216205665982105,0.0810932070017,7
"MUS",2014,0,-0.0527783016367657,0.975900386567297,0.408775997614223,-1.55796090891126,43.3282527556684,0.698909196121446,0.6679659485817,6
"MOZ",2014,0,-0.327224995554076,1.97432262224457,0.0247323378258467,-0.276685866897781,12.7175953634655,0.368270347180618,-0.3360027372837,7
"RWA",2014,0,-0.113496841563888,0.353362968748869,0.00303402706599695,-0.0376707099857413,12.6045874009016,0.382642150296945,-0.3134696483612,6
"SYC",2014,0,-0.223701289169563,NA,NA,-0.133489586297378,NA,0.406477461182198,0.3616324365139,5
"SOM",2014,0,NA,0.564600699736229,0.1609807427528,NA,0.004087894736842,NA,-2.5158281326294,6
"SSD",2014,0,-0.056594556569732,NA,NA,-7.41877910985016e-05,NA,NA,-2.6465766429901,4
"UGA",2014,0,-0.0664160833120735,0.265279906184031,0.0163414079469758,-0.0316304937353888,4.18326089174389,0.545993384144929,-0.9411261677742,8
"TZA",2014,NA,-0.101311221259454,0.324898549870798,0.0373567772902252,-0.0283416996359392,3.52824465760735,0.36608273500964,-0.5971185564995,8
"ZMB",2014,0,-0.014270939600475,0.338668872116379,0.0301783154178823,-0.0915146031498984,3.59740704056421,0.317128082501646,0.1562120169401,8
"ZWE",2014,0,-0.119711528322778,0.428738224080873,0.135352803807261,-0.0242517259849,5.44044056755888,0.0599395061586947,-0.7135701775551,8
"AGO",2014,0,-0.0273054239589034,0.341934957262625,0.0558128056505501,-0.0201882293266406,13.5425876097331,0.945848288470633,-0.3332320451736,7
"CMR",2014,0,-0.0385300296484829,0.158452550667774,0.00486252593576009,-0.0202723745501737,6.05474685897645,0.419464696965498,-1.0592523813248,8
"CAF",2014,0,NA,0.349170767370218,0.0468059550388441,NA,NA,0.639339156475638,-2.699193239212,5
"TCD",2014,0,NA,0.267154378609054,0.000332845893293914,NA,NA,0.244524116951657,-1.5688827037811,6
"COG",2014,NA,0.0379491284432575,0.267005777967415,0.011766928015688,-0.0915626769877512,5.09709028588407,0.487780776228174,-0.3592915832996,6
"COD",2014,NA,-0.0479716159124453,0.202174353041329,0.00509152088571562,-0.0417602960533765,3.22302473212737,0.219695636777394,-2.1679213047028,6
"GNQ",2014,0,NA,NA,NA,NA,NA,0.488873762322999,-0.3741465508938,4
"GAB",2014,0,0.0610892021237761,0.25586153295898,0.00401011471742961,-0.043010943928288,6.10645847812303,0.61121587855167,0.1495428085327,7
"STP",2014,0,-0.299936423116511,0.657090994946053,0.0326363285410358,-0.0650983747088588,13.8654887348914,0.373670323406548,0.1841830015183,3
"BWA",2014,0,0.110750516200928,0.161572268051318,0.0271136648239235,-0.0261031607323,0.665660850610636,1.03030100637382,1.0118471384049,8
"SWZ",2014,0,0.115778842911688,0.121380024990038,0.00738394901158021,-0.00570967049411085,10.5823251831425,0.408731024330186,-0.5005597472191,5
"LSO",2014,0,-0.0501884379085958,0.373644657755427,8.89149004044531e-05,-0.0386960269053481,3.18498481697693,0.489927984661504,-0.3328120410442,5
"NAM",2014,0,-0.0942888008066207,NA,NA,-0.0340442649166483,NA,0.138120571377179,0.6087406277657,7
"ZAF",2014,0,-0.0481243259488483,0.391683232132864,0.11135657360404,0.00498537120557061,8.56436569067297,0.402800888728868,-0.1463889628649,9
"BEN",2014,0,-0.0666790663014032,0.15366295977614,0.00447411534455268,-0.0292414640330034,2.47256552576828,NA,0.0271397624165,5
"BFA",2014,1,-0.0716454903255907,0.738579310998805,0,-0.0206376185677379,37.2125435057658,NA,-0.7871285676956,8
"CPV",2014,0,-0.0908439823382358,0.833742464676122,0,-0.0904030663813007,4.77824364903538,0.665274449854574,0.350779145956,4
"CIV",2014,NA,0.0104562407321909,0.200761682552234,0,-0.00866322683602052,7.1458635774276,NA,NA,NA
"GMB",2014,NA,-0.068775934596169,0.449045407585287,0.0110463761740488,-0.0286588821505754,17.6763136553836,0.411707569549661,-0.1514007151127,6
"GHA",2014,0,-0.0674403666448043,0.325628994713472,0.0562615530726447,-0.0612781113462461,5.25019275249931,0.381075977479145,-0.10680796206,8
"GIN",2014,0,-0.111827723925645,0.210090269707453,0.00797147104070995,0.00877799419201751,2.40732644686778,0.414826965145838,-0.9552427530289,7
"GNB",2014,0,0.00598179250042804,0.312509476564431,0.0189067249981718,-0.0247464142459213,1.540255764109,NA,-0.7064516544342,4
"LBR",2014,0,-0.199198359881725,0.211268421082001,5.83897457010242e-06,-0.15558740639735,2.39825869845501,0.249870822729769,-0.6154496073723,7
"MLI",2014,1,-0.0471102356691238,0.245157536890747,0.0039880051840459,-0.0099965310858386,3.26841525300169,NA,-1.7139887809753,7
"MRT",2014,0,-0.223452375422524,0.68737994309261,0.15554849233153,-0.0762361704174834,10.869712261055,0.174461104744904,-0.5895083546638,6
"NER",2014,0,-0.120310944686449,0.184364243300065,0.00590456998563843,-0.0675973333986577,6.17107601072354,NA,-1.1758404970169,6
"NGA",2014,0,0.00157882517201415,0.0498599302200216,6.44473047665948e-07,-0.00536332441743517,5.27231062053985,0.587336841757926,-2.1302764415741,8
"SEN",2014,0,-0.0680294482471149,0.543584322785847,0.067928661031153,-0.0189742679060088,7.84748230559418,NA,-0.1982230991125,8
"SLE",2014,1,-0.0942601630241072,0.285779734767972,0.0426014620775653,-0.0747911914826785,2.33143017656961,0.383153408209065,-0.1040396764874,8
"TGO",2014,0,-0.100212288738578,0.223485319629167,0.0193719658593574,0.0666559215742676,2.85175800000872,NA,-0.1671268641949,6
"BDI",2013,0,-0.105412209400594,0.278841297779552,0.0127528612970433,-0.0475444917783385,13.7187278351432,0.406052014952286,-1.3502775430679,6
"COM",2013,0,NA,0.132169962041984,0.00143834559041415,NA,0.540012364021734,0.61292770407332,-0.2569291889668,3
"DJI",2013,0,-0.307756454699895,0.401700078705325,0.0479338500676596,-0.140004926959276,1.27737966871977,0.591045215412154,-0.1021875217557,4
"ERI",2013,0,NA,NA,NA,NA,NA,0.128209661063817,-0.7723721265793,4
"ETH",2013,0,-0.0636627273936438,0.264107524012099,0.00427794002654371,-0.0282041233399941,10.679035983358,0.195784758728239,-1.4073073863983,8
"KEN",2013,0,-0.0785152420014638,0.223369261469929,0.0392346686651436,-0.0149212247756952,4.73075851407227,0.403403953350906,-1.1669309139252,8
"MDG",2013,0,-0.0650549864029292,0.236694047689019,0.0277732531564583,-0.0442903207122911,2.27088263029513,0.238081798452917,-0.6599934101105,8
"MWI",2013,1,-0.223992298490868,0.283812042328854,0.00380548174179989,-0.0825461825889733,3.14433276767541,0.150638491442987,-0.2058098018169,7
"MUS",2013,0,-0.0610329517646568,1.00803115068025,0.236103281301885,-0.0979260660869935,20.3180760323694,0.646797832826511,0.9448017477989,6
"MOZ",2013,0,-0.3684062766904,1.73583389833104,0.0423745251091492,-0.363792154393394,9.51725936665758,0.332047675168039,-0.22696647048,7
"RWA",2013,0,-0.0748602171529048,0.296132899137158,0.00141890108186196,-0.0299084611740064,8.31035258381037,0.284177925049568,-0.1109516173601,6
"SYC",2013,0,-0.119426506459825,NA,NA,-0.0943413256478318,NA,0.393625174559259,0.8255889415741,5
"SOM",2013,0,NA,0.642101106204938,0.182497586388464,NA,0.071953083538084,NA,-2.758686542511,6
"SSD",2013,0,NA,NA,NA,NA,NA,NA,-1.7303286790848,3
"UGA",2013,0,-0.060571937991499,0.29602919363809,0.0162347835995604,-0.0363684696743286,1.74298663773854,0.573657504875464,-0.8386906385422,8
"TZA",2013,NA,-0.109192131663606,0.306420688743982,0.0335538351327876,-0.0456925782228575,2.89592934754691,0.386546175600141,-0.1621208488941,8
"ZMB",2013,0,-0.00575955750525118,0.224427055337168,0.0267395670924381,-0.0602888170302186,2.74678122113692,0.253524787781775,0.4359332919121,8
"ZWE",2013,0,-0.138743823103652,0.440955310287745,0.143913555123777,-0.0195406007743644,6.10213158705401,0.0658216061732289,-0.6659497618675,8
"AGO",2013,0,0.0610567727285637,0.332460529387202,0.085017545566642,0.0602810210993645,8.33792524670794,1.19633950331016,-0.3912334740162,7
"CMR",2013,0,-0.0334459974297458,0.153519169394285,0.0131200736648376,-0.0209011536908145,3.33088124965454,0.522183761677096,-0.5322372913361,8
"CAF",2013,1,NA,0.353305018036968,0.0523280199823409,NA,NA,0.909219363734127,-2.154896736145,5
"TCD",2013,0,NA,0.224693735314669,0.000536245791908344,NA,NA,0.394343981259217,-1.0894722938538,6
"COG",2013,NA,0.107855799599963,0.233763351524042,0.0128231715982624,-0.033192383877475,4.55197787871072,0.626494439935498,-0.4750501215458,6
"COD",2013,NA,-0.0951293594120968,0.230493623423153,0.0135194866507064,-0.0519461157161643,3.31089339555719,0.266423065365436,-2.1921906471252,6
"GNQ",2013,0,NA,NA,NA,NA,NA,0.748122129931807,0.120355181396,4
"GAB",2013,0,0.0831242107215883,0.274760704032723,0.015515114015515,-0.00498653926501339,12.007156003983,0.800099396201343,0.3301027417183,7
"STP",2013,1,-0.270369152522785,0.720104166470096,0.0462639466658821,-0.0374378917412209,10.8725996240293,0.419656359106328,0.1118407249451,3
"BWA",2013,0,0.0453072716796829,0.167343112744018,0.0278347735672417,0.00122593311428424,2.14530104359691,0.925054171932384,1.1023470163345,8
"SWZ",2013,0,0.105930381314713,0.163932596973868,0.00907730535216788,-0.0188525874189131,5.49389473353734,0.450408114457374,-0.4319111406803,5
"LSO",2013,0,-0.0708394640919926,0.390778065967392,3.22299757218113e-06,-0.021304022122672,3.22143569932271,0.487435498428786,0.3380742967129,5
"NAM",2013,0,-0.0823766869789507,NA,NA,-0.0640870408557892,NA,0.198289176305468,0.9588099718094,7
"ZAF",2013,0,-0.0533837274756912,0.353270420026856,0.0904047504050918,-0.00427215068628626,11.212043783161,0.393478784877457,-0.0462945364416,9
"BEN",2013,0,-0.0537925541834663,0.15957778875082,0.0141619479464587,-0.0241058888398784,3.16980664917646,NA,0.3011893630028,6
"BFA",2013,1,-0.100082852595542,0.665103298524675,0,-0.0321397458249021,31.2932015437304,NA,-0.7633901238441,8
"CPV",2013,0,-0.0580171245062467,0.806637532287528,0,-0.0305463850943335,4.55462178038218,0.655633199283177,0.7779998779297,5
"CIV",2013,NA,-0.0148012270582546,0.230478084041033,0,-0.00968174145243704,7.95571105278947,NA,NA,NA
"GMB",2013,NA,-0.0705935914381967,0.418445074194865,0.00935726984248288,-0.0531994936779547,11.4520011788541,0.601581710508014,-0.0486364066601,6
"GHA",2013,0,-0.0907952594006406,0.256517608295064,0.0581092005404383,-0.0513558371204437,4.26978807607276,0.317485177635619,0.060606084764,8
"GIN",2013,0,-0.142034719787819,0.200751613380212,0.0126510040790656,-0.000126542779675978,1.9558017230578,0.456866203746812,-1.2298517227173,7
"GNB",2013,0,-0.0501954428610207,0.278875901849917,0.0190662841913543,-0.0187726776033002,1.23046407904257,NA,-0.8999276161194,4
"LBR",2013,1,-0.328209688370026,0.167058563235324,0.00357759681399784,-0.629068538615833,0.936034686648516,0.512802765039403,-0.475507080555,8
"MLI",2013,1,-0.0283017464957724,0.263078914797817,0.00528732118937137,-0.023037995633866,3.26717254874102,NA,-1.7221621274948,7
"MRT",2013,0,-0.17468474798374,0.626115080988641,0.145332857588674,-0.155890199648424,5.77048068983166,0.250855324399428,-1.0147614479065,6
"NER",2013,0,-0.112529258994,0.193873367720213,0.00676597230032702,-0.06049734038409,4.06005480865945,NA,-1.3217993974686,6
"NGA",2013,0,0.0366244042128516,0.0470708835180725,1.02396101735154e-06,-0.008335475336157,0.493937523696288,0.765134502456793,-2.0884783267975,8
"SEN",2013,0,-0.0819227205959181,0.432423772907012,0,-0.0146964958071683,11.2244595306528,NA,-0.060722835362,8
"SLE",2013,0,-0.149805705127317,0.284476258124486,0.043431929751861,-0.0873241079145182,1.55165689067711,0.299178661069871,-0.1747182756662,8
"TGO",2013,0,-0.131527818244666,0.214181424113199,0.0202255395503195,-0.0472687265409418,2.26192928913866,NA,-0.3537108302116,6
"BDI",2012,1,-0.111924149346487,0.285987791190468,0.00311356069804489,-0.000259250385749193,8.93072365720558,0.411127847733095,-1.7047381401062,6
"COM",2012,0,-0.0404970477190657,0.248385506419682,0.00406112755838889,-0.0102133830669436,13.2292330686291,0.714357351946824,-0.4523080289364,3
"DJI",2012,1,-0.109311673573902,0.592764646521222,0.0829598616105212,-0.0812615091720047,8.37894445755218,0.440833333807161,0.1606192141771,4
"ERI",2012,0,NA,NA,NA,NA,NA,0.13687084308541,-0.7021972537041,4
"ETH",2012,0,-0.0710674868080212,0.241600825570584,0.000833281486007873,-0.00643172898229037,7.1428932989006,0.193205367885855,-1.5642713308334,8
"KEN",2012,1,-0.0747587148471175,0.209802599853138,0.0279573675816073,-0.0202458781268578,4.6495039960247,0.350634212704378,-1.3234412670136,8
"MDG",2012,0,-0.0746271029037988,0.258526323536088,0.0404456160870613,-0.0672218842634654,2.49754590840496,0.340275021275983,-0.5361369848251,8
"MWI",2012,0,-0.123524800723122,0.220808251656825,0.00356424367995005,0.000720523135868731,2.06047284178894,0.103643867951179,-0.0026861692313,7
"MUS",2012,0,-0.0709173348916655,0.916545129876624,0.250174364667226,-0.485930015603076,40.9455036572323,0.570229275148552,0.9713124036789,6
"MOZ",2012,0,-0.415268707674909,1.24423813518984,0.0210756488216015,-0.344095700070244,6.68015633975301,0.340920430029795,0.3904936909676,7
"RWA",2012,0,-0.0968563299198891,0.237171115668324,0.0112472679371023,-0.0352407695406342,7.54574697189554,0.206380446075629,-0.2306151986122,6
"SYC",2012,0,-0.152254309547168,NA,NA,-0.401668813988652,NA,0.287669039447313,0.7442663311958,5
"SOM",2012,0,NA,NA,NA,NA,NA,NA,-2.860755443573,6
"SSD",2012,0,NA,NA,NA,NA,NA,NA,-1.1565833091736,3
"UGA",2012,0,-0.0606312642052847,0.138289864405608,0.000960285856340732,-0.0424468994137737,1.36109721781422,0.524016886190759,-0.8689665198326,8
"TZA",2012,NA,-0.094937863705377,0.303895274319198,0.0516835901457584,-0.0453877027927875,1.92910778283319,0.357150038598133,0.0514542907476,8
"ZMB",2012,0,0.0537898486156036,0.224352057790959,0.0322353922102013,-0.0954158818558576,2.19056743476989,0.345510942581275,0.6609625220299,8
"ZWE",2012,0,-0.133076220567684,0.519384652732928,0.142427601696265,-0.0204413128045503,7.88203691598985,0.0829446333872032,-0.7786620259285,8
"AGO",2012,0,0.11073106637916,0.297326847331419,0.0695702225577735,0.0188090991001392,8.39421472105114,1.31390053078719,-0.3893225491047,6
"CMR",2012,0,-0.0317006013599456,0.128930246365406,0.00521270872141152,-0.0268504011678553,3.13519667462347,0.518910707923397,-0.5885174274445,8
"CAF",2012,0,NA,0.229950695922096,0.0340440066360876,NA,NA,0.488862147155344,-1.8529229164124,5
"TCD",2012,0,NA,0.18973910286526,0.000563020202324967,NA,NA,0.412735459499064,-1.0441173315048,6
"COG",2012,NA,0.136849076198709,0.202473887489546,0.0109483015055353,0.0163727727076627,1.65128347470548,0.755145368817016,-0.4896898567677,6
"COD",2012,NA,-0.0430100107588461,0.235982187097286,0.0088204390502871,-0.0986686869724737,3.08994953154315,0.267631417086498,-2.0858929157257,6
"GNQ",2012,0,NA,NA,NA,NA,NA,0.585873334757019,0.2327034473419,4
"GAB",2012,0,0.115176514731776,0.1894828534746,0.00647081307916624,0.0135936751942957,4.1873854163496,0.647991817806919,0.2932914197445,7
"STP",2012,0,-0.394406598376797,0.811782213726459,0.0625195389509939,-0.088035204235052,33.671249816615,0.3937976422651,0.0133354179561,3
"BWA",2012,0,-0.0590197335902939,0.181655309270323,0.0299118965094275,-0.00993193009849656,0.885818319468212,0.950525894796905,1.1040414571762,8
"SWZ",2012,0,0.0491020438498444,0.176642690429145,0.0080760751507059,-0.00710949599729772,3.12323812307927,0.400952431441198,-0.4076923429966,5
"LSO",2012,1,-0.152195080976471,0.364946587540075,0,-0.0228653120725271,2.45049894870129,0.384127097453239,0.2741990983486,5
"NAM",2012,0,-0.0858337550919707,NA,NA,-0.0790066710331234,NA,0.240610011341283,0.9781042933464,7
"ZAF",2012,0,-0.0468373643403848,0.340571438966255,0.0839823992228034,-0.00397596069335074,8.5979920433032,0.398635343009498,-0.0253867004067,9
"BEN",2012,0,-0.0517832684720294,0.150176876937574,0.0146797969461315,-0.0216504394729475,2.99485556666689,NA,0.3643676042557,6
"BFA",2012,0,-0.012920415638297,0.591891395032161,0,-0.0204064913609497,23.5943754538164,NA,-0.5731292366982,8
"CPV",2012,0,-0.13983102811013,0.716828361439951,0,-0.0671436283938811,4.54807155130353,0.490654979968176,0.8090863823891,5
"CIV",2012,NA,-0.00882958509129902,0.262881553653111,0.0202975881989572,-0.00870343260196292,5.41739649196887,NA,NA,NA
"GMB",2012,NA,-0.0655706457684312,0.396288206796101,0.0159306140800809,-0.0361632431682541,9.40201833313441,0.621688002944945,-0.00077883841,6
"GHA",2012,0,-0.119011389737536,0.290583105138999,0.0631747514662412,-0.0798001892848815,2.99752325244375,0.32849734437887,0.1306949853897,8
"GIN",2012,1,-0.135979817532214,0.175693641330799,0.0133664300746064,-0.0790189086206387,5.99259200071759,0.338475950929315,-1.2870124578476,7
"GNB",2012,0,-0.0841447306170144,0.281034871904614,0.0211721511477515,-0.00684724545711536,4.00304370825787,NA,-0.9652958512306,4
"LBR",2012,1,-0.599955509928998,0.174505891072333,0.00430198874199657,-0.827471577822006,1.17408673923574,0.57132508077842,-0.4844765067101,8
"MLI",2012,1,-0.0219137201788623,0.246769345271908,0.00311987443797545,-0.0306937870830027,1.76112927643778,NA,-2.0343286991119,7
"MRT",2012,0,-0.18223160371795,0.6357409522238,0.155249657022629,-0.206013054045891,5.20221864920121,0.309567181461539,-1.1339917182922,6
"NER",2012,1,-0.108373788058927,0.189223384624299,0.0100724537908078,-0.0890051190294577,2.48341020536563,NA,-1.1481308937073,6
"NGA",2012,0,0.0374468978886126,0.0462676924221984,0,-0.0119399374334829,1.34433835249712,0.859424277091347,-2.0420737266541,8
"SEN",2012,0,-0.0865191790275256,0.40248822941374,0,-0.0124665210844654,9.36982754496764,NA,-0.108322031796,8
"SLE",2012,0,-0.318321017583015,0.351217231051095,0.0581294019777068,-0.190024595551644,1.6711478356272,0.297996924972079,-0.2799452841282,8
"TGO",2012,0,-0.0759348351083684,0.193488658938265,0.0127756623089189,0.0771420220203,1.16636283416448,NA,-0.3864577710629,6
"BDI",2011,0,-0.126836310733343,0.270329798552829,0.000188983073769492,-0.00150056707532759,4.20705572765574,0.392881933361973,-1.8072004318237,5
"COM",2011,0,-0.054247307325093,0.269504165500861,0.00456845227119382,-0.0225967674144233,3.80520271470168,0.563409941306119,-0.5527361035347,2
"DJI",2011,0,-0.13867824286402,0.621009361375976,0.0715332277817564,-0.0637538483893528,8.68421948523508,0.477714471956548,0.1777032464743,4
"ERI",2011,0,NA,0.50894224685309,0.00856179185394055,NA,NA,0.121398753585483,-0.7664043903351,4
"ETH",2011,0,-0.0330367964138338,0.269344841340933,0.00566431366808582,-0.0196735663905255,5.88919875915745,0.318942328967345,-1.5069637298584,8
"KEN",2011,1,-0.0814881210464892,0.214256706626918,0.0275771461449502,-0.0291124620779814,4.31690093770715,0.288536443635128,-1.2447907924652,8
"MDG",2011,0,-0.0672775114424351,0.248219627609542,0.0372565478553071,-0.0669334443661798,1.82064896481453,0.390554075639972,-0.7055858969688,7
"MWI",2011,0,-0.142017702272876,0.151618112645037,0.0047476257495679,-0.101425106330854,1.41616115703924,0.0893848616713921,-0.072912722826,6
"MUS",2011,0,-0.135461524496587,0.854380086713242,0.149312056392467,0.0858448979845827,20.6148784239835,0.538987316541808,0.9464994072914,5
"MOZ",2011,0,-0.231467493955346,0.965842614422909,0.0182412240280098,-0.248954252730905,13.834639427356,0.410573761598083,0.3320482671261,7
"RWA",2011,0,-0.069319021816329,0.212269522647269,0.0162827396362248,-0.0162943391722654,4.77457106237045,0.351927040626184,-0.177117779851,5
"SYC",2011,0,-0.282677290185772,NA,NA,-0.126964477804881,NA,0.266077286927776,0.9377540946007,4
"SOM",2011,0,NA,NA,NA,NA,NA,NA,-3.0838465690613,5
"SSD",2011,0,NA,NA,NA,NA,NA,NA,-1.4303284883499,2
"UGA",2011,0,-0.0748878446918449,0.117057055845536,0.000940791583821961,-0.0325110993633844,1.47435270011901,0.464828709485622,-0.9761018157005,8
"TZA",2011,NA,-0.126408328273952,0.293383514193094,0.0468520193900264,-0.0354720833111942,1.94254493737704,0.345046615640108,-0.0241334792227,7
"ZMB",2011,0,0.0465823655766585,0.211771709757873,0.0225105722175668,-0.0473112929641584,2.33438902174251,0.323769591342764,0.5097737908363,7
"ZWE",2011,0,-0.194974720166954,0.524034664297433,0.146878957558086,-0.0244151145681804,11.0660729064574,0.0826940502654977,-0.9453285336494,7
"AGO",2011,0,0.119563657567828,0.316891823941826,0.0553897777828239,0.0467523201777277,5.74564133103308,1.33674913753634,-0.3692378103733,7
"CMR",2011,0,-0.0244588497816635,0.101026091868649,0.00222007983600933,-0.0152190107477672,4.31805342666291,0.470399669521838,-0.6616879701614,8
"CAF",2011,0,NA,0.234285289877806,0.0455931678406878,NA,NA,0.498422474878948,-1.7893891334534,5
"TCD",2011,0,NA,0.191530631148356,0.00149373656381445,NA,NA,0.288211260801212,-1.318085193634,6
"COG",2011,NA,0.132423465625309,0.20368799870996,0.00951679039676134,-0.0126933249488059,1.13269574996997,0.804382745721892,-0.3543003797531,6
"COD",2011,NA,-0.0495593928270912,0.258273437716025,0.008665779020417,-0.0617662459328181,2.46050899368734,0.230454600543931,-2.2129893302918,6
"GNQ",2011,0,NA,NA,NA,NA,NA,0.438014998794154,0.1503438055515,4
"GAB",2011,0,0.143020537543288,0.175511121841903,0.0101609479859787,-0.0603025014099344,3.93755856653615,0.588626706395945,0.3848909139633,6
"STP",2011,0,-0.456874758761252,0.992334994000278,0.11085237075558,-0.137609367815029,5.3372925990905,0.388994162584407,0.0078263999894,3
"BWA",2011,0,-0.00872980562145268,0.158509291295059,0.0269345268369803,-0.020046483884481,1.05801576761711,1.11137057538099,1.0644465684891,7
"SWZ",2011,0,-0.0584417713786,0.215436333288759,0.03375383708261,-0.0203943124885678,2.8329462131164,0.307952527573079,-0.4797358214855,5
"LSO",2011,1,-0.0817385268924615,0.315428743480534,0.0015507351982516,-0.023715904822631,2.09085359667524,0.361558365979738,0.383940756321,4
"NAM",2011,0,-0.0684777386609752,NA,NA,-0.0630915338913906,NA,0.270998008176605,0.911657512188,7
"ZAF",2011,0,-0.0201966738436615,0.270890524731645,0.0639893127704396,-0.0093685579202404,5.07248431840762,0.391772564864085,0.0240315701813,9
"BEN",2011,1,-0.0483328626910556,0.174352824027557,0.0462699699820519,-0.00949889000524418,2.84035375119619,NA,0.3183563649654,6
"BFA",2011,1,-0.0132772259832299,0.494451441433346,0,-0.00343309450189451,21.0562907696908,NA,-0.5553814768791,7
"CPV",2011,0,-0.163210896580098,0.558027329092529,0,-0.0540418633262886,4.74452231715688,0.357568979252533,0.7226052284241,4
"CIV",2011,NA,0.0726612721704086,0.348589312860346,0.012849879369008,-0.00781280292361092,5.26743616922703,NA,NA,NA
"GMB",2011,NA,-0.0767134707158114,0.365240820908437,0.000569621268503277,-0.066923804646058,10.3706765796853,0.654668190076018,-0.0002706054074,5
"GHA",2011,0,-0.0900243372574366,0.264677790789833,0.0684921473165463,-0.081913140629149,2.404884806647,0.37338047968446,0.1671121418476,8
"GIN",2011,0,-0.17116529414626,0.473005021192446,0.00745788231121897,-0.140784183971029,11.6392507460928,0.449727970545879,-1.3880540132523,5
"GNB",2011,1,-0.0127753557331769,0.254349480249401,0.0181348079195351,-0.0219724888612827,1.99682709179366,NA,-0.7536259889603,3
"LBR",2011,0,-0.524853470186806,0.187005972768974,0.00508534174311927,-0.869894467611897,0.746069405439398,0.485466600547187,-0.4273702502251,6
"MLI",2011,0,-0.0505796169575536,0.223733282626193,0.0148685519737326,-0.0425153501600847,2.46008466385188,NA,-0.7083797454834,7
"MRT",2011,0,NA,0.553314335021378,0.147704817770256,NA,4.03771782295502,0.203617637031036,-1.1736788749695,6
"NER",2011,0,-0.163335413476494,0.252254184316691,0.0175790668838208,-0.120585126215975,2.28703265836276,NA,-0.8780044913292,6
"NGA",2011,0,0.0257400207845624,0.0506757122206572,3.70427971600724e-09,-0.019360554830628,0.508211746032107,0.582856918495314,-1.9564545154572,8
"SEN",2011,0,-0.0644529901185165,0.325861419928986,0,-0.0163431447722656,8.53162911010612,NA,-0.2806022465229,8
"SLE",2011,1,-0.650289253711054,0.356979040253962,0.0118944583057961,-0.323011956004517,3.4084151261542,0.255754777449713,-0.1684448570013,5
"TGO",2011,1,-0.0780131702278308,0.161349879521891,0.00147578010030045,0.138635121874436,0.729282183937539,NA,-0.162598490715,6
"BDI",2010,0,-0.148111207013409,0.305552085211563,0.00774521874324455,-0.000384119120504573,2.40563702301048,0.652426370278827,-1.6259593963623,5
"COM",2010,1,-0.0433222274199111,0.306586410651074,0.00487141789261118,-0.00919669867317477,4.73668498079385,0.626935143732927,-0.562939286232,3
"DJI",2010,0,0.0447357137871552,0.680961481662496,0.10765832877778,-0.0323415329697176,7.87953647772039,0.66576977617415,0.2534812688828,4
"ERI",2010,0,NA,0.652573861900442,0.00975559434024994,NA,NA,0.172953943528677,-0.8755928277969,4
"ETH",2010,1,-0.021222608717343,0.243410526268731,0.0100916145475047,-0.00963030625359936,3.85484030213973,0.260539939070943,-1.6351011991501,7
"KEN",2010,1,-0.0521669705743631,0.195685949924081,0.0229345935673421,-0.00388689457323486,4.4061961070029,0.357302447615374,-1.1655235290527,7
"MDG",2010,0,-0.0894853617129222,0.276074508953951,0.0425244355688266,-0.0870244255176163,2.79381493262537,0.395886492402705,-0.9783388376236,7
"MWI",2010,1,-0.139272487608294,0.14667022567459,0.00617846667295564,-0.00786106647440078,1.70845307699601,0.149723211506139,0.043895766139,6
"MUS",2010,0,-0.100540447638357,0.792577259050381,0.148485195682513,-1.38382129737488,21.7059849616157,0.597040766662494,0.6402587890625,6
"MOZ",2010,1,-0.151237645298567,1.02304662012591,0.0543545755722544,-0.0919063955251214,7.23524536337271,0.49241051908595,0.3944218754768,7
"RWA",2010,0,-0.0652030572572193,0.20147155671125,0.00230778419454835,-0.0353167549423422,7.22677606412987,0.563519046792407,-0.2720938622952,5
"SYC",2010,1,-0.221035298314531,NA,NA,-0.158406105428063,NA,0.259740551375676,0.8567662239075,4
"SOM",2010,0,NA,NA,NA,NA,NA,NA,-3.1309714317322,5
"SSD",2010,0,NA,NA,NA,NA,NA,NA,NA,NA
"UGA",2010,0,-0.0603511809219213,0.11151925132139,0.000983055911084924,-0.0189948649964104,1.79956926979851,0.580189753501621,-1.000558257103,7
"TZA",2010,NA,-0.0690561293717301,0.279164070516904,0.0427378582635537,-0.0566372830505825,2.93095542124762,0.495894916397334,0.0144716212526,7
"ZMB",2010,1,0.0752549147652092,0.209859023452484,0.0567517863455124,-0.0312796693575135,1.85813796358428,0.393488679969788,0.5153513550758,7
"ZWE",2010,0,-0.137471605757899,0.561618192566448,0.151924383928423,-0.0101802173234682,4.14950881320996,0.137114300477184,-1.1040139198303,7
"AGO",2010,1,0.0918726768886985,0.327977085394782,0.0559081983016109,0.0559077970313557,5.74113261454767,1.18069608551124,-0.2261823415756,7
"CMR",2010,1,-0.031160232743486,0.115974857854783,0.000315502324521995,-0.00128275463671641,3.55976575797028,0.709651814892737,-0.7369714379311,7
"CAF",2010,1,NA,0.29605040034673,0.0401035417991873,NA,NA,0.603918183152647,-2.0206253528595,5
"TCD",2010,0,NA,0.202243681461676,0.000874444578562014,NA,NA,0.263502204698955,-1.5248277187347,6
"COG",2010,NA,0.0685413619496067,0.212443158220307,0.0149829196245158,-0.0706810074821175,1.33251348525807,1.01781885229442,-0.3164158463478,6
"COD",2010,NA,-0.100784949239754,0.335562293625242,0.0201712251574776,-0.126826277738971,3.07812138354198,0.288811564669387,-2.1967420578003,6
"GNQ",2010,0,NA,NA,NA,NA,NA,0.427776703010609,0.2361282259226,4
"GAB",2010,0,0.170685072659761,0.203770459442463,0.0118509276607726,-0.0102139317441743,4.79665515523553,0.581925286651918,0.299279242754,6
"STP",2010,0,-0.445332483569807,0.920868559828802,0.101266193692983,-0.25702582948796,6.30050888456675,0.430092402373232,0.1154428571463,4
"BWA",2010,0,-0.0588838058778227,0.142984306499575,0.0284870527845568,-0.0172096202772977,1.39748444126717,1.39388565247105,0.9912098050117,7
"SWZ",2010,0,-0.087481162053522,0.228913353826571,0.0469677503969534,-0.0296824822951309,2.38261921250843,0.385889869783462,-0.0760726928711,5
"LSO",2010,0,-0.0708448479578334,0.352641920430261,0,-0.00425433627311076,2.09216952745051,0.646076805550126,0.4567753970623,5
"NAM",2010,0,-0.0392247386247044,NA,NA,-0.0247235895337811,NA,0.304432877096449,0.8469400405884,7
"ZAF",2010,0,-0.0129901415265498,0.276266233353706,0.0768463912529014,-0.00923547552280303,5.90982301322305,0.452517640822263,-0.0294270031154,8
"BEN",2010,1,-0.0556723414879971,0.167429532185419,0.0355129545173277,-0.0204405055156433,2.56435339265258,NA,0.2612601220608,6
"BFA",2010,1,-0.0179655617806592,0.474783261165132,0,-0.00377735197397883,22.3328275104149,NA,-0.117637142539,7
"CPV",2010,0,-0.133882738259335,0.531636219884128,0,-0.0698105963086951,5.44163754809739,0.51508113274533,0.8409727811813,5
"CIV",2010,NA,0.0133095280329886,0.334993279638972,0.0117627733072179,-0.00899851417540816,5.85982232933711,NA,NA,NA
"GMB",2010,NA,0.0113391367955103,0.352001610857283,0.0288972584297044,-0.0240754982898836,8.96988705541129,0.707465356767674,0.0654169842601,6
"GHA",2010,1,-0.0853283449596601,0.25981205954893,0.0649638307652478,-0.0784957786927708,3.37611968957778,0.472271711119344,0.0260932408273,7
"GIN",2010,0,-0.0476970209522417,0.473534602266472,0.0167915725718615,-0.0147881338478072,5.18023297923864,0.214607236309336,-1.6870790719986,5
"GNB",2010,0,-0.0832947710783748,1.29044822722594,0.108003041474545,-0.0326048987833014,9.80288577659511,NA,-0.6909543275833,4
"LBR",2010,0,-0.427136316998038,0.209635501001001,0.000221215515515516,-1.03337387099033,1.70997861340934,0.622582273147725,-0.4685252904892,5
"MLI",2010,0,-0.111430675414538,0.22814075766012,0.000570109896181448,-0.0373175064165053,2.74643552201423,NA,-0.1828992217779,7
"MRT",2010,1,NA,0.631827321996679,0.192880045863648,NA,4.94135855086289,0.148760576845611,-1.0761698484421,6
"NER",2010,0,-0.144829053010331,0.195356569825886,0.0217068197396002,-0.127500411950902,1.92635967319086,NA,-1.1607445478439,6
"NGA",2010,0,0.0357264721076537,0.0512862936980584,0,-0.013936417540197,1.50171972167021,0.731083366467668,-2.2111232280731,7
"SEN",2010,1,-0.0365650904302576,0.288425062744686,0,-0.0163838984754359,5.447095234777,NA,-0.4179249703884,7
"SLE",2010,1,-0.227033220508937,0.361178293769177,0.00159695810882021,-0.0924883819563824,2.72293801931109,0.531132151061329,-0.2366453707218,5
"TGO",2010,0,-0.0582897710778549,0.372971997647646,0.0113105561476277,-0.01419725038531,2.60905398854427,NA,-0.1793483942747,6
"TZA",2021,0,NA,NA,NA,NA,NA,NA,-0.4369655549526,6
"COG",2021,0,NA,NA,NA,NA,NA,NA,-0.6066163182259,6
"COD",2021,0,NA,NA,NA,NA,NA,NA,-1.6146669387817,7
"CIV",2021,0,NA,NA,NA,NA,NA,NA,NA,NA
"GMB",2021,1,NA,NA,NA,NA,NA,NA,0.1752006709576,6
"TZA",2020,1,NA,NA,NA,NA,NA,NA,-0.4661883711815,6
"COG",2020,0,NA,NA,NA,NA,NA,NA,-0.8102323412895,5
"COD",2020,1,NA,NA,NA,NA,NA,NA,-1.7422980070114,6
"CIV",2020,1,NA,NA,NA,NA,NA,NA,NA,NA
"GMB",2020,1,NA,NA,NA,NA,NA,NA,0.2564341425896,5
"TZA",2019,0,NA,NA,NA,NA,NA,NA,-0.3735241889954,7
"COG",2019,0,NA,NA,NA,NA,NA,NA,-0.896963596344,6
"COD",2019,0,NA,NA,NA,NA,NA,NA,-1.5938988924027,6
"CIV",2019,0,NA,NA,NA,NA,NA,NA,NA,NA
"GMB",2019,0,NA,NA,NA,NA,NA,NA,0.2247213870287,5
"TZA",2018,0,NA,NA,NA,NA,NA,NA,-0.57093501091,8
"COG",2018,0,NA,NA,NA,NA,NA,NA,-0.3484042286873,6
"COD",2018,0,NA,NA,NA,NA,NA,NA,-2.1057810783386,7
"CIV",2018,1,NA,NA,NA,NA,NA,NA,NA,NA
"GMB",2018,1,NA,NA,NA,NA,NA,NA,-0.07443100214,6
"TZA",2017,0,NA,NA,NA,NA,NA,NA,-0.5619286894798,8
"COG",2017,0,NA,NA,NA,NA,NA,NA,-0.5317240357399,6
"COD",2017,0,NA,NA,NA,NA,NA,NA,-2.3022487163544,7
"CIV",2017,1,NA,NA,NA,NA,NA,NA,NA,NA
"GMB",2017,0,NA,NA,NA,NA,NA,NA,-0.0840129181743,6
"TZA",2016,0,NA,NA,NA,NA,NA,NA,-0.4409947991371,8
"COG",2016,0,NA,NA,NA,NA,NA,NA,-0.5192695260048,6
"COD",2016,0,NA,NA,NA,NA,NA,NA,-2.2346215248108,6
"CIV",2016,0,NA,NA,NA,NA,NA,NA,NA,NA
"GMB",2016,0,NA,NA,NA,NA,NA,NA,-0.4344123005867,6
"TZA",2015,0,NA,NA,NA,NA,NA,NA,-0.4161943495274,8
"COG",2015,0,NA,NA,NA,NA,NA,NA,-0.5263659954071,6
"COD",2015,0,NA,NA,NA,NA,NA,NA,-2.1508543491364,6
"CIV",2015,1,NA,NA,NA,NA,NA,NA,NA,NA
"GMB",2015,1,NA,NA,NA,NA,NA,NA,0.0195885691792,6
"TZA",2014,0,NA,NA,NA,NA,NA,NA,-0.5971185564995,8
"COG",2014,0,NA,NA,NA,NA,NA,NA,-0.3592915832996,6
"COD",2014,0,NA,NA,NA,NA,NA,NA,-2.1679213047028,6
"CIV",2014,0,NA,NA,NA,NA,NA,NA,NA,NA
"GMB",2014,0,NA,NA,NA,NA,NA,NA,-0.1514007151127,6
"TZA",2013,1,NA,NA,NA,NA,NA,NA,-0.1621208488941,8
"COG",2013,0,NA,NA,NA,NA,NA,NA,-0.4750501215458,6
"COD",2013,0,NA,NA,NA,NA,NA,NA,-2.1921906471252,6
"CIV",2013,0,NA,NA,NA,NA,NA,NA,NA,NA
"GMB",2013,1,NA,NA,NA,NA,NA,NA,-0.0486364066601,6
"TZA",2012,0,NA,NA,NA,NA,NA,NA,0.0514542907476,8
"COG",2012,0,NA,NA,NA,NA,NA,NA,-0.4896898567677,6
"COD",2012,0,NA,NA,NA,NA,NA,NA,-2.0858929157257,6
"CIV",2012,1,NA,NA,NA,NA,NA,NA,NA,NA
"GMB",2012,0,NA,NA,NA,NA,NA,NA,-0.00077883841,6
"TZA",2011,0,NA,NA,NA,NA,NA,NA,-0.0241334792227,7
"COG",2011,0,NA,NA,NA,NA,NA,NA,-0.3543003797531,6
"COD",2011,0,NA,NA,NA,NA,NA,NA,-2.2129893302918,6
"CIV",2011,0,NA,NA,NA,NA,NA,NA,NA,NA
"GMB",2011,0,NA,NA,NA,NA,NA,NA,-0.0002706054074,5
"TZA",2010,1,NA,NA,NA,NA,NA,NA,0.0144716212526,7
"COG",2010,0,NA,NA,NA,NA,NA,NA,-0.3164158463478,6
"COD",2010,1,NA,NA,NA,NA,NA,NA,-2.1967420578003,6
"CIV",2010,0,NA,NA,NA,NA,NA,NA,NA,NA
"GMB",2010,1,NA,NA,NA,NA,NA,NA,0.0654169842601,6
"SDN",2010,NA,NA,NA,NA,NA,NA,NA,-2.6652777194977,6
"SDN",2011,NA,NA,NA,NA,NA,NA,NA,-2.5229172706604,6
"SDN",2012,NA,NA,NA,NA,NA,NA,NA,-2.2605633735657,6
"SDN",2013,NA,NA,NA,NA,NA,NA,NA,-2.1930096149445,6
"SDN",2014,NA,NA,NA,NA,NA,NA,NA,-2.3630845546722,6
"SDN",2015,NA,NA,NA,NA,NA,NA,NA,-2.1621832847595,6
"SDN",2016,NA,NA,NA,NA,NA,NA,NA,-2.3372180461884,6
"SDN",2017,NA,NA,NA,NA,NA,NA,NA,-1.9774702787399,6
"SDN",2018,NA,NA,NA,NA,NA,NA,NA,-1.8234368562698,6
"SDN",2019,NA,NA,NA,NA,NA,NA,NA,-1.7017866373062,6
"SDN",2020,NA,NA,NA,NA,NA,NA,NA,-1.6635946035385,5
"SDN",2021,NA,NA,NA,NA,NA,NA,NA,-1.93503510952,6
